{"cameraMode":{"drawMode":0,"name":"Shaded","section":"Shading Mode"},"sceneLighting":true,"audioPlay":false,"sceneViewState":{"showFog":true,"showMaterialUpdate":false,"showSkybox":true,"showFlares":true,"showImageEffects":true,"showParticleSystems":true},"in2DMode":false,"pivot":{"x":296.3288879394531,"y":62.498870849609378,"z":151.419189453125},"rotation":{"x":0.13074181973934174,"y":-0.3371536433696747,"z":0.04734015464782715,"w":0.9311245679855347},"size":1117.1832275390625,"orthographic":true}